{"cameraMode":{"drawMode":0,"name":"Shaded","section":"Shading Mode"},"sceneLighting":true,"audioPlay":false,"sceneViewState":{"showFog":true,"showMaterialUpdate":false,"showSkybox":true,"showFlares":true,"showImageEffects":true,"showParticleSystems":true},"in2DMode":false,"pivot":{"x":-2.0864949226379396,"y":1.6280221939086915,"z":2.7571229934692385},"rotation":{"x":0.16747431457042695,"y":-0.022184761241078378,"z":0.003769572591409087,"w":0.9856225848197937},"size":8.58712387084961,"orthographic":false}